insert into cd.medicine (med_id, med_type, restores_rad, med_cnt) values
(0, 'None', 0, 0),
(1, 'Buffout', 50, 30),
(2, 'Calmex', 60, 30),
(3, 'Jet', 60, 30),
(4, 'UltraJet', 70, 30),
(5, 'Med-X', 80, 30),
(6, 'Berry Mentats', 90, 30),
(7, 'Grape Mentats', 100, 30),
(8, 'Psycho', 40, 30),
(9, 'Radaway', 140, 30),
(10, 'Rad-X', 160, 30),
(11, 'RadShield', 190, 30),
(12, 'Rebound', 200, 30),
(13, 'Steampak', 85, 30);


insert into cd.animal (anim_id, pet_name, animal_type, fighting_strength) values 
(14, 'None', 'None', 0),
(15, 'Kurt', 'raccoon', 82),
(16, 'Bentley', 'rat', 51),
(17, 'Bentley', 'rat', 17),
(18, 'Archie', 'raccoon', 65),
(19, 'Thor', 'rat', 56),
(20, 'Thor', 'rat', 43),
(21, 'Hank', 'rat', 60),
(22, 'Coco', 'cat', 33),
(23, 'Nova', 'rat', 10),
(24, 'Hazel', 'weasel', 24),
(25, 'Kurt', 'fox', 74),
(26, 'Coco', 'turtle', 41),
(27, 'Oliver', 'weasel', 42),
(28, 'Oscar', 'dog', 80),
(29, 'Bentley', 'turtle', 84),
(30, 'Moose', 'cat', 94),
(31, 'Hazel', 'weasel', 89),
(32, 'Pablo', 'turtle', 54),
(33, 'Ross', 'turtle', 90),
(34, 'Diego', 'weasel', 46),
(35, 'Gunther', 'raccoon', 24),
(36, 'Piper', 'dog', 31),
(37, 'Hazel', 'dog', 96),
(38, 'Bandit', 'dog', 94),
(39, 'Coco', 'weasel', 32),
(40, 'Oliver', 'turtle', 33),
(41, 'Archie', 'weasel', 49),
(42, 'Ollie', 'fox', 98),
(43, 'Ollie', 'rat', 9),
(44, 'Ross', 'cat', 49),
(45, 'Aspen', 'rat', 60),
(46, 'Archie', 'raccoon', 5),
(47, 'Thor', 'rat', 18),
(48, 'Ross', 'rat', 56),
(49, 'Willow', 'cat', 22),
(50, 'Moose', 'weasel', 58),
(51, 'Leo', 'cat', 31),
(52, 'Piper', 'rat', 73),
(53, 'Buddy', 'cat', 94),
(54, 'Hank', 'dog', 75),
(55, 'Coco', 'turtle', 40),
(56, 'Archie', 'turtle', 5),
(57, 'Ollie', 'fox', 66),
(58, 'Hank', 'fox', 79),
(59, 'Nala', 'raccoon', 45),
(60, 'Oscar', 'fox', 33),
(61, 'Juno', 'raccoon', 30),
(62, 'Jack', 'cat', 50),
(63, 'Ginger', 'fox', 7),
(64, 'Scout', 'cat', 40),
(65, 'Bentley', 'dog', 19),
(66, 'Ace', 'weasel', 52),
(67, 'Grace', 'turtle', 93),
(68, 'Ross', 'turtle', 97),
(69, 'Willow', 'turtle', 30),
(70, 'Coco', 'rat', 77),
(71, 'Diego', 'weasel', 22),
(72, 'Winston', 'fox', 63),
(73, 'Ross', 'cat', 73),
(74, 'Gunther', 'rat', 5),
(75, 'Oliver', 'turtle', 33),
(76, 'Scout', 'fox', 48),
(77, 'Bandit', 'weasel', 27),
(78, 'Hazel', 'raccoon', 27),
(79, 'Leo', 'fox', 8);

insert into cd.provisions (prov_id, prov_type, prov_cnt, nutritional_val) values
(80, 'None', 0, 0),
(81, 'Coyote steak', 40, 100),
(82, 'Mutt Chops', 40, 140),
(83, 'Ribeye Steak', 40, 200),
(84, 'Hotdog', 40, 320),
(85, 'Radtoad Omelette', 40, 170),
(86, 'Rad-rat steak', 40, 120),
(87, 'Mirelurk cake', 40, 100),
(88, 'Tato salad', 40, 90),
(89, 'Deathclaw Wellingham', 40, 500);

insert into cd.appliance (appl_id, appl_type, stamina_req) values 
(90, 'Stove', 40),
(91, 'Weapons Workbench', 80),
(92, 'Armour Workbench', 80),
(93,'Surgeon table', 30),
(94,'Weapons Range', 100),
(95, 'Blockpost', 10),
(96, 'Meds Workbench', 30),
(97,'Explosives Workbench', 50),
(98, 'Water facility', 80),
(99,'Elictricity generator', 90);

insert into cd.bedroom (bedroom_id, bed_cnt, res_stamina) values 
(100, 5, 24),
(101, 5, 97),
(102, 5, 42),
(103, 3, 2),
(104, 3, 97),
(105, 1, 75),
(106, 4, 53),
(107, 7, 97),
(108, 6, 97),
(109, 4, 41),
(110, 3, 8),
(111, 6, 54),
(112, 3, 47),
(113, 2, 92),
(114, 6, 74),
(115, 2, 51),
(116, 3, 79),
(117, 6, 24),
(118, 1, 97),
(119, 7, 80),
(120, 2, 60),
(121, 3, 56),
(122, 5, 21),
(123, 7, 99),
(124, 5, 50),
(125, 4, 46),
(126, 4, 25),
(127, 5, 57),
(128, 7, 25),
(129, 7, 11),
(130, 2, 80),
(131, 6, 27),
(132, 4, 63),
(133, 1, 45),
(134, 5, 15),
(135, 5, 62),
(136, 2, 74),
(137, 3, 29),
(138, 3, 23),
(139, 2, 12),
(140, 5, 99),
(141, 5, 2),
(142, 6, 4),
(143, 5, 86),
(144, 3, 42),
(145, 2, 12),
(146, 7, 73),
(147, 3, 37),
(148, 2, 6),
(149, 1, 26),
(150, 5, 30),
(151, 4, 26),
(152, 6, 62),
(153, 3, 72),
(154, 6, 59),
(155, 7, 56),
(156, 4, 0),
(157, 3, 79),
(158, 1, 5),
(159, 4, 19),
(160, 3, 45),
(161, 7, 81),
(162, 7, 8),
(163, 7, 21),
(164, 6, 96),
(165, 5, 47),
(166, 7, 6),
(167, 3, 55),
(168, 5, 84),
(169, 4, 45),
(170, 6, 10),
(171, 2, 93),
(172, 7, 47),
(173, 3, 3),
(174, 6, 90),
(175, 4, 10),
(176, 3, 2),
(177, 3, 24),
(178, 5, 56),
(179, 2, 72);

insert into cd.person (person_id, surname, firstname, responsibility, radiation_level, taking_medicine, consuming_prov, pet_id, stamina) values
(180, 'Agafonov', 'Leon', 'Bodyguard', 32, 11, 84, 79, 43),
(181, 'Lee', 'Stefan', 'Handyman', 36, 0, 88, 78, 13),
(182, 'Schulz', 'Luka', 'Gardener', 47, 6, 83, 77, 46),
(183, 'Wolf', 'Nathaniel', 'Bouncer', 3, 5, 87, 76, 26),
(184, 'Saito', 'Lewis', 'Elictrician', 25, 12, 81, 75, 95),
(185, 'Lehmann', 'Wade', 'Handyman', 4, 8, 85, 74, 77),
(186, 'Saito', 'Iris', 'Cook', 87, 10, 84, 73, 86),
(187, 'Moulin', 'Li', 'Hunter', 12, 4, 85, 72, 96),
(188, 'Stein', 'Rin', 'Elictrician', 3, 8, 85, 71, 32),
(189, 'Greco', 'Xiu', 'Bodyguard', 31, 3, 87, 70, 66),
(190, 'Ricci', 'Leo', 'Bodyguard', 31, 0, 87, 69, 89),
(191, 'Im', 'Louis', 'Builder', 57, 10, 85, 68, 0),
(192, 'Neumann', 'Iris', 'Medic', 87, 1, 81, 67, 13),
(193, 'Lee', 'Hans', 'Mercenary', 8, 4, 87, 66, 80),
(194, 'Kozma', 'Jean', 'Elictrician', 47, 12, 82, 65, 72),
(195, 'Saito', 'Ember', 'Elictrician', 7, 2, 82, 64, 23),
(196, 'Dubois', 'Camille', 'Elictrician', 86, 0, 87, 63, 41),
(197, 'Moore', 'Agatha', 'Cook', 70, 7, 82, 62, 27),
(198, 'Wood', 'Yuki', 'Builder', 82, 8, 86, 61, 49),
(199, 'Yun', 'Ursula', 'Weapon dealer', 50, 6, 87, 60, 36),
(200, 'Brown', 'Luna', 'Builder', 51, 11, 86, 59, 82),
(201, 'Lavine', 'Marlin', 'Elictrician', 7, 9, 87, 58, 63),
(202, 'Kotalik', 'Amelie', 'Bouncer', 93, 5, 87, 57, 88),
(203, 'Krenek', 'Marlin', 'Medic', 36, 5, 84, 56, 98),
(204, 'Yun', 'Luka', 'Cook', 5, 11, 83, 55, 77),
(205, 'Lavine', 'Hana', 'Gardener', 8, 12, 87, 54, 89),
(206, 'Belyaev', 'Miles', 'Weapon dealer', 90, 3, 81, 53, 45),
(207, 'Costa', 'Finn', 'Bodyguard', 79, 2, 84, 52, 42),
(208, 'Roth', 'Marlin', 'Bodyguard', 58, 11, 86, 51, 63),
(209, 'Garnier', 'Emiko', 'Builder', 43, 1, 80, 50, 90),
(210, 'Moreau', 'Hector', 'Cook', 93, 8, 88, 49, 83),
(211, 'Phillips', 'Arthur', 'Bodyguard', 14, 9, 86, 48, 95),
(212, 'Muller', 'Ted', 'Bouncer', 43, 3, 85, 47, 1),
(213, 'Leroy', 'Jade', 'Builder', 15, 7, 82, 46, 72),
(214, 'Moreau', 'Klaus', 'Cook', 9, 4, 86, 45, 91),
(215, 'Phillips', 'Liam', 'Builder', 94, 2, 84, 44, 10),
(216, 'Roth', 'Yuki', 'Medic', 97, 0, 81, 43, 25),
(217, 'Saito', 'Edith', 'Weapon dealer', 73, 10, 80, 42, 33),
(218, 'Fujita', 'Louis', 'Hunter', 79, 11, 87, 41, 9),
(219, 'Kotalik', 'Luna', 'Builder', 20, 12, 84, 40, 36),
(220, 'Toussaint', 'Jules', 'Weapon dealer', 30, 12, 81, 39, 20),
(221, 'Lehmann', 'Mia', 'Handyman', 74, 4, 84, 38, 47),
(222, 'Dubois', 'Iris', 'Bouncer', 61, 8, 80, 37, 33),
(223, 'Wood', 'Makoto', 'Mercenary', 6, 2, 81, 36, 35),
(224, 'Brown', 'Ted', 'Mercenary', 21, 0, 85, 35, 0),
(225, 'Dubois', 'Ted', 'Medic', 76, 4, 80, 34, 90),
(226, 'Saito', 'Stefan', 'Elictrician', 77, 12, 83, 33, 49),
(227, 'Dubois', 'Marc', 'Builder', 12, 8, 85, 32, 24),
(228, 'Harris', 'Ricardo', 'Elictrician', 85, 7, 80, 31, 71),
(229, 'Belyaev', 'Leo', 'Medic', 80, 3, 88, 30, 12),
(230, 'Agafonov', 'Leo', 'Gardener', 37, 9, 85, 29, 36),
(231, 'Toussaint', 'Sofia', 'Medic', 28, 12, 86, 28, 62),
(232, 'Hartmann', 'Rin', 'Medic', 52, 1, 88, 27, 40),
(233, 'Moreau', 'Nathaniel', 'Mercenary', 52, 8, 84, 26, 7),
(234, 'Wright', 'Leo', 'Gardener', 21, 0, 87, 25, 86),
(235, 'Stein', 'Mathis', 'Bodyguard', 77, 11, 88, 24, 36),
(236, 'Zimmermann', 'Stefan', 'Bodyguard', 8, 10, 84, 23, 76),
(237, 'Yun', 'Stefan', 'Gardener', 87, 1, 81, 22, 75),
(238, 'Greco', 'Stefan', 'Elictrician', 81, 4, 81, 21, 30),
(239, 'Ricci', 'Hector', 'Elictrician', 15, 4, 88, 20, 83),
(240, 'Moulin', 'Marc', 'Handyman', 84, 1, 88, 19, 27),
(241, 'Zimmermann', 'Mia', 'Medic', 67, 4, 85, 18, 70),
(242, 'Rossi', 'Jules', 'Weapon dealer', 70, 0, 82, 17, 56),
(243, 'Cho', 'Iris', 'Bouncer', 22, 11, 80, 16, 79),
(244, 'Krenek', 'Fang', 'Gardener', 72, 12, 87, 15, 36),
(245, 'Turgenev', 'Amelie', 'Bodyguard', 95, 9, 83, 14, 15),
(246, 'Dubois', 'Theo', 'Handyman', 89, 8, 87, 14, 26),
(247, 'Moreau', 'Stefan', 'Medic', 36, 5, 85, 14, 95),
(248, 'Leroy', 'Finn', 'Bodyguard', 63, 1, 80, 14, 59),
(249, 'Kaiser', 'Jade', 'Weapon dealer', 56, 9, 81, 14, 40),
(250, 'Krenek', 'Kokuro', 'Handyman', 90, 11, 88, 14, 50),
(251, 'Zimmermann', 'Hans', 'Bouncer', 47, 10, 82, 14, 38),
(252, 'Tanaka', 'Chloe', 'Elictrician', 67, 6, 83, 14, 36),
(253, 'Cho', 'Ai', 'Mercenary', 30, 12, 82, 14, 23),
(254, 'Greco', 'Miles', 'Builder', 90, 3, 84, 14, 37),
(255, 'Walker', 'Camille', 'Mercenary', 85, 10, 81, 14, 85),
(256, 'Baker', 'Hans', 'Bouncer', 48, 12, 86, 14, 75),
(257, 'Baker', 'Victor', 'Gardener', 76, 1, 85, 14, 68),
(258, 'Neumann', 'Luka', 'Bouncer', 59, 9, 82, 14, 77),
(259, 'Kozma', 'Alexander', 'Gardener', 44, 2, 80, 14, 85),
(260, 'Gallo', 'Hana', 'Cook', 14, 2, 88, 14, 4),
(261, 'Vinogradov', 'Camille', 'Bodyguard', 40, 0, 82, 14, 77),
(262, 'Krenek', 'Liam', 'Elictrician', 74, 0, 80, 14, 95),
(263, 'White', 'Ricardo', 'Bodyguard', 5, 9, 80, 14, 66),
(264, 'Kotara', 'Agatha', 'Bodyguard', 67, 11, 81, 14, 29),
(265, 'Yun', 'Hans', 'Elictrician', 38, 7, 81, 14, 58),
(266, 'Greco', 'Phoebe', 'Handyman', 55, 2, 82, 14, 75),
(267, 'Martinez', 'Arthur', 'Bodyguard', 45, 6, 87, 14, 62),
(268, 'Kozma', 'Samuel', 'Weapon dealer', 81, 2, 86, 14, 30),
(269, 'Brown', 'Louis', 'Hunter', 36, 4, 86, 14, 67),
(270, 'Meyer', 'Amelie', 'Bouncer', 25, 5, 84, 14, 17),
(271, 'Aoki', 'Leah', 'Hunter', 9, 0, 84, 14, 14),
(272, 'Harris', 'Kita', 'Elictrician', 80, 1, 84, 14, 77),
(273, 'Moreau', 'Samuel', 'Bodyguard', 64, 8, 82, 14, 64),
(274, 'Monet', 'Camille', 'Weapon dealer', 98, 5, 88, 14, 38),
(275, 'Shimizu', 'Emiko', 'Medic', 12, 4, 83, 14, 91),
(276, 'Bruzek', 'Jean', 'Medic', 39, 0, 81, 14, 13),
(277, 'Nakano', 'Luna', 'Hunter', 36, 5, 86, 14, 20),
(278, 'Baker', 'Samuel', 'Elictrician', 43, 10, 88, 14, 47),
(279, 'Turgenev', 'Hana', 'Mercenary', 36, 3, 88, 14, 56),
(280, 'Lee', 'Marc', 'Hunter', 49, 4, 80, 14, 50),
(281, 'Lehmann', 'Jade', 'Bodyguard', 54, 12, 84, 14, 77),
(282, 'Im', 'Victor', 'Cook', 8, 6, 84, 14, 93),
(283, 'Im', 'Kita', 'Medic', 32, 8, 81, 14, 90),
(284, 'Pasternak', 'Luna', 'Cook', 47, 2, 81, 14, 51),
(285, 'Pasternak', 'Ember', 'Medic', 26, 3, 88, 14, 41),
(286, 'Zimmermann', 'Emiko', 'Weapon dealer', 61, 0, 80, 14, 15),
(287, 'Moulin', 'Rin', 'Cook', 74, 1, 84, 14, 75),
(288, 'Toussaint', 'Jules', 'Hunter', 17, 1, 85, 14, 94),
(289, 'Roth', 'Victor', 'Elictrician', 91, 10, 84, 14, 21),
(290, 'Kotalik', 'Edith', 'Bodyguard', 97, 0, 83, 14, 49),
(291, 'Pasternak', 'Jules', 'Hunter', 30, 6, 83, 14, 71),
(292, 'Lehmann', 'Jean', 'Gardener', 81, 3, 83, 14, 14),
(293, 'Agafonov', 'Kokuro', 'Hunter', 64, 9, 81, 14, 21),
(294, 'Giordano', 'Dave', 'Mercenary', 1, 2, 81, 14, 90),
(295, 'Krenek', 'Noah', 'Cook', 31, 3, 87, 14, 1),
(296, 'Costa', 'Chiharu', 'Bodyguard', 95, 3, 82, 14, 30),
(297, 'Aoki', 'Jean', 'Weapon dealer', 64, 11, 84, 14, 59),
(298, 'Leroy', 'Chloe', 'Mercenary', 66, 9, 87, 14, 50),
(299, 'Moulin', 'Jean', 'Gardener', 58, 12, 82, 14, 53),
(300, 'De Luca', 'Samuel', 'Mercenary', 54, 2, 84, 14, 78),
(301, 'Green', 'Camille', 'Bouncer', 72, 12, 82, 14, 41),
(302, 'Meyer', 'Hans', 'Bodyguard', 21, 4, 86, 14, 26),
(303, 'Nakamura', 'Makoto', 'Bodyguard', 7, 0, 88, 14, 39),
(304, 'Phillips', 'Ramona', 'Bouncer', 43, 3, 83, 14, 4),
(305, 'Phillips', 'Emiko', 'Mercenary', 21, 5, 80, 14, 78),
(306, 'Baker', 'Arthur', 'Bodyguard', 95, 6, 82, 14, 71),
(307, 'Rossi', 'Alexander', 'Builder', 5, 8, 80, 14, 98),
(308, 'Cho', 'Miles', 'Builder', 94, 6, 87, 14, 89),
(309, 'Walker', 'Agatha', 'Hunter', 7, 1, 88, 14, 45),
(310, 'Vinogradov', 'Amelie', 'Gardener', 51, 2, 80, 14, 25),
(311, 'Nakamura', 'Klaus', 'Cook', 94, 10, 82, 14, 94),
(312, 'Brown', 'Hana', 'Gardener', 75, 11, 81, 14, 41),
(313, 'Clark', 'Liam', 'Elictrician', 53, 10, 85, 14, 7),
(314, 'Meyer', 'Samuel', 'Cook', 42, 5, 88, 14, 31),
(315, 'Lee', 'Miles', 'Handyman', 13, 4, 84, 14, 38),
(316, 'Moulin', 'Noah', 'Bouncer', 38, 7, 85, 14, 74),
(317, 'Agafonov', 'Stefan', 'Gardener', 76, 3, 86, 14, 47),
(318, 'Giordano', 'Xiu', 'Cook', 43, 2, 82, 14, 80),
(319, 'Marino', 'Xiu', 'Bodyguard', 30, 5, 80, 14, 82),
(320, 'Agafonov', 'Leo', 'Medic', 92, 0, 83, 14, 68),
(321, 'Dubois', 'Phoebe', 'Cook', 36, 1, 88, 14, 44),
(322, 'Roth', 'Kita', 'Cook', 61, 4, 83, 14, 45),
(323, 'Wood', 'Miles', 'Hunter', 32, 9, 87, 14, 22),
(324, 'Nakano', 'Kita', 'Gardener', 55, 11, 86, 14, 27),
(325, 'Harris', 'Sebastien', 'Bodyguard', 50, 9, 84, 14, 13),
(326, 'Saito', 'Li', 'Weapon dealer', 69, 6, 80, 14, 40),
(327, 'Murakami', 'Jules', 'Builder', 69, 4, 81, 14, 89),
(328, 'Clark', 'Victor', 'Bouncer', 47, 10, 80, 14, 34),
(329, 'Vinogradov', 'Xiu', 'Bodyguard', 75, 7, 81, 14, 21),
(330, 'Moreau', 'Rin', 'Gardener', 19, 3, 80, 14, 13),
(331, 'Shimizu', 'Alison', 'Builder', 26, 12, 88, 14, 23),
(332, 'Kotara', 'Rin', 'Cook', 52, 4, 87, 14, 98),
(333, 'Brown', 'Riley', 'Bouncer', 38, 4, 83, 14, 95),
(334, 'Clark', 'Yuki', 'Elictrician', 17, 2, 87, 14, 95),
(335, 'Kozma', 'Miles', 'Elictrician', 21, 11, 86, 14, 60),
(336, 'Blanchet', 'Marc', 'Hunter', 94, 0, 84, 14, 93),
(337, 'Wood', 'Harvey', 'Weapon dealer', 82, 3, 82, 14, 52),
(338, 'Cho', 'Miles', 'Mercenary', 90, 1, 80, 14, 51),
(339, 'Blanchet', 'Louis', 'Hunter', 7, 4, 81, 14, 29),
(340, 'Nakamura', 'Wade', 'Builder', 31, 8, 85, 14, 76),
(341, 'Belyaev', 'Rin', 'Elictrician', 4, 11, 80, 14, 40),
(342, 'Brown', 'Jade', 'Gardener', 13, 11, 86, 14, 43),
(343, 'Wright', 'Chiharu', 'Hunter', 70, 8, 88, 14, 45),
(344, 'Agafonov', 'Louis', 'Hunter', 80, 3, 82, 14, 69),
(345, 'Yun', 'Iris', 'Handyman', 46, 10, 87, 14, 94),
(346, 'Moreau', 'Marlin', 'Mercenary', 75, 7, 85, 14, 80),
(347, 'Martinez', 'Mia', 'Cook', 46, 7, 85, 14, 79),
(348, 'Kotara', 'Jing', 'Handyman', 32, 0, 82, 14, 63),
(349, 'Brown', 'Ember', 'Weapon dealer', 4, 1, 88, 14, 4),
(350, 'Bruzek', 'Keiko', 'Bodyguard', 99, 12, 86, 14, 68),
(351, 'Saito', 'Jing', 'Medic', 71, 8, 80, 14, 1),
(352, 'Shimizu', 'Vincent', 'Elictrician', 18, 7, 85, 14, 11),
(353, 'Saito', 'Seth', 'Handyman', 31, 9, 83, 14, 89),
(354, 'Muller', 'Hector', 'Gardener', 68, 0, 85, 14, 40),
(355, 'Phillips', 'Samuel', 'Bodyguard', 21, 1, 82, 14, 86),
(356, 'Greco', 'Mia', 'Bouncer', 9, 9, 81, 14, 89),
(357, 'Marino', 'Theo', 'Hunter', 78, 1, 82, 14, 36),
(358, 'Kotara', 'Hanna', 'Bouncer', 90, 10, 88, 14, 77),
(359, 'Greco', 'Arthur', 'Handyman', 70, 6, 87, 14, 41),
(360, 'Lehmann', 'Luna', 'Elictrician', 18, 12, 88, 14, 76),
(361, 'Gallo', 'Emiko', 'Builder', 51, 8, 87, 14, 6),
(362, 'Baker', 'Chiharu', 'Elictrician', 82, 4, 88, 14, 70),
(363, 'Baker', 'Ursula', 'Bodyguard', 50, 4, 84, 14, 57),
(364, 'Monet', 'Klaus', 'Mercenary', 2, 3, 88, 14, 9),
(365, 'Walker', 'Sofia', 'Mercenary', 43, 9, 85, 14, 98),
(366, 'Harris', 'Rin', 'Gardener', 17, 0, 80, 14, 13),
(367, 'Moulin', 'Kokuro', 'Bouncer', 11, 9, 86, 14, 26),
(368, 'Bruzek', 'Maeva', 'Mercenary', 20, 7, 84, 14, 11),
(369, 'White', 'Camille', 'Builder', 34, 8, 83, 14, 86),
(370, 'Hartmann', 'Maeva', 'Cook', 95, 3, 81, 14, 25),
(371, 'Moulin', 'Noah', 'Mercenary', 70, 1, 87, 14, 13),
(372, 'Toussaint', 'Camille', 'Cook', 59, 4, 88, 14, 45),
(373, 'Wood', 'Ricardo', 'Bouncer', 63, 11, 82, 14, 61),
(374, 'Shimizu', 'Sebastien', 'Gardener', 69, 5, 86, 14, 16),
(375, 'Belyaev', 'Luna', 'Bodyguard', 46, 0, 87, 14, 8),
(376, 'Ricci', 'Nathaniel', 'Bouncer', 68, 1, 80, 14, 22),
(377, 'Cho', 'Jean', 'Hunter', 20, 11, 82, 14, 61),
(378, 'Bruzek', 'Sofia', 'Weapon dealer', 55, 7, 85, 14, 37),
(379, 'Giordano', 'Theo', 'Gardener', 85, 5, 87, 14, 19),
(380, 'Kaiser', 'Jean', 'Builder', 78, 6, 84, 14, 7),
(381, 'Walker', 'Dave', 'Bouncer', 95, 1, 88, 14, 37),
(382, 'Phillips', 'Finn', 'Cook', 98, 2, 82, 14, 20),
(383, 'Muller', 'Ramona', 'Elictrician', 97, 5, 83, 14, 60),
(384, 'Moretti', 'Ursula', 'Handyman', 30, 0, 82, 14, 52),
(385, 'Stein', 'Chiharu', 'Weapon dealer', 1, 4, 87, 14, 49),
(386, 'Bruzek', 'Makoto', 'Mercenary', 32, 3, 85, 14, 4),
(387, 'Marino', 'Kokuro', 'Builder', 37, 12, 87, 14, 62),
(388, 'Saito', 'Wade', 'Bodyguard', 31, 11, 87, 14, 4),
(389, 'Roth', 'Noah', 'Handyman', 14, 1, 88, 14, 76),
(390, 'Green', 'Hector', 'Bouncer', 32, 9, 88, 14, 58),
(391, 'Lehmann', 'Keiko', 'Hunter', 3, 7, 80, 14, 87),
(392, 'White', 'Dave', 'Bouncer', 16, 11, 84, 14, 97),
(393, 'Saito', 'Ai', 'Elictrician', 34, 10, 85, 14, 99),
(394, 'Fujita', 'Vincent', 'Hunter', 67, 12, 85, 14, 5),
(395, 'Wright', 'Vincent', 'Weapon dealer', 17, 0, 87, 14, 64),
(396, 'Garnier', 'Mia', 'Bodyguard', 42, 9, 82, 14, 30),
(397, 'Bruzek', 'Miles', 'Cook', 13, 10, 87, 14, 11),
(398, 'Muller', 'Finn', 'Mercenary', 88, 10, 85, 14, 21),
(399, 'Roth', 'Edith', 'Bodyguard', 45, 6, 87, 14, 53),
(400, 'Costa', 'Chloe', 'Gardener', 64, 7, 83, 14, 3),
(401, 'Roth', 'Maeva', 'Elictrician', 85, 8, 83, 14, 82),
(402, 'Moreau', 'Li', 'Elictrician', 35, 1, 81, 14, 68),
(403, 'Marino', 'Klaus', 'Mercenary', 90, 10, 81, 14, 31),
(404, 'Phillips', 'Miles', 'Weapon dealer', 52, 2, 84, 14, 56),
(405, 'Monet', 'Maeva', 'Builder', 15, 12, 85, 14, 75),
(406, 'Turgenev', 'Luka', 'Bouncer', 38, 6, 85, 14, 68),
(407, 'Fujita', 'Alice', 'Bodyguard', 37, 0, 85, 14, 88),
(408, 'Moulin', 'Marc', 'Gardener', 65, 7, 80, 14, 44),
(409, 'Agafonov', 'Jules', 'Medic', 68, 1, 80, 14, 4),
(410, 'Meyer', 'Ramona', 'Cook', 28, 10, 81, 14, 7),
(411, 'Fujita', 'Marc', 'Bouncer', 96, 9, 80, 14, 78),
(412, 'Cho', 'Yuki', 'Medic', 69, 6, 80, 14, 31),
(413, 'Wood', 'Klaus', 'Weapon dealer', 77, 7, 83, 14, 36),
(414, 'Muller', 'Li', 'Handyman', 84, 0, 85, 14, 66),
(415, 'Blanchet', 'Seth', 'Bouncer', 92, 9, 81, 14, 80),
(416, 'Nakano', 'Edith', 'Mercenary', 96, 7, 84, 14, 82),
(417, 'Kaiser', 'Jade', 'Builder', 59, 3, 83, 14, 82),
(418, 'Schulz', 'Iris', 'Handyman', 55, 11, 86, 14, 71),
(419, 'Schulz', 'Jing', 'Mercenary', 56, 8, 84, 14, 95),
(420, 'Turgenev', 'Rin', 'Bouncer', 77, 0, 84, 14, 80),
(421, 'Belyaev', 'Ricardo', 'Builder', 63, 9, 80, 14, 13),
(422, 'Green', 'Jing', 'Gardener', 50, 7, 83, 14, 14),
(423, 'Moulin', 'Agatha', 'Mercenary', 17, 10, 87, 14, 2),
(424, 'Tanaka', 'Jade', 'Handyman', 79, 5, 88, 14, 37),
(425, 'Moreau', 'Agatha', 'Weapon dealer', 44, 11, 80, 14, 24),
(426, 'Green', 'Wade', 'Bodyguard', 38, 10, 88, 14, 97),
(427, 'Nakamura', 'Arthur', 'Builder', 67, 11, 80, 14, 50),
(428, 'Schulz', 'Hanna', 'Bouncer', 24, 5, 80, 14, 13),
(429, 'Gallo', 'Kita', 'Medic', 15, 7, 87, 14, 93),
(430, 'Tanaka', 'Amelie', 'Mercenary', 86, 3, 84, 14, 56),
(431, 'Schulz', 'Noah', 'Builder', 79, 2, 85, 14, 19),
(432, 'Martinez', 'Chiharu', 'Bouncer', 51, 3, 86, 14, 57),
(433, 'Lavine', 'Jing', 'Weapon dealer', 45, 0, 86, 14, 76),
(434, 'Belyaev', 'Keiko', 'Builder', 69, 1, 83, 14, 61),
(435, 'White', 'Finn', 'Cook', 70, 0, 81, 14, 1),
(436, 'Rossi', 'Agatha', 'Cook', 87, 0, 81, 14, 42),
(437, 'Wright', 'Hana', 'Mercenary', 46, 7, 80, 14, 89),
(438, 'Im', 'Ted', 'Mercenary', 59, 5, 87, 14, 51),
(439, 'Nakano', 'Jade', 'Gardener', 84, 4, 86, 14, 92),
(440, 'Giordano', 'Chloe', 'Medic', 99, 4, 80, 14, 38),
(441, 'Rossi', 'Amelie', 'Mercenary', 74, 1, 82, 14, 28),
(442, 'Tanaka', 'Louis', 'Cook', 60, 1, 84, 14, 17),
(443, 'Ricci', 'Yuki', 'Gardener', 36, 6, 88, 14, 80),
(444, 'Wolf', 'Miles', 'Weapon dealer', 29, 8, 81, 14, 60),
(445, 'Monet', 'Kokuro', 'Hunter', 92, 1, 86, 14, 83),
(446, 'Gallo', 'Leah', 'Builder', 75, 12, 88, 14, 0),
(447, 'De Luca', 'Vincent', 'Bodyguard', 74, 2, 87, 14, 69),
(448, 'Monet', 'Xiu', 'Bouncer', 57, 1, 88, 14, 19),
(449, 'Cho', 'Miles', 'Elictrician', 31, 8, 88, 14, 40),
(450, 'Greco', 'Edith', 'Medic', 66, 6, 83, 14, 3),
(451, 'Schulz', 'Finn', 'Handyman', 46, 10, 83, 14, 39),
(452, 'Lavine', 'Ursula', 'Gardener', 35, 9, 81, 14, 95),
(453, 'Yun', 'Klaus', 'Medic', 73, 10, 81, 14, 63),
(454, 'Krenek', 'Finn', 'Hunter', 5, 9, 88, 14, 88),
(455, 'Hartmann', 'Emiko', 'Handyman', 5, 0, 82, 14, 29),
(456, 'Lehmann', 'Vincent', 'Weapon dealer', 20, 3, 84, 14, 39),
(457, 'Green', 'Camille', 'Handyman', 2, 12, 80, 14, 83),
(458, 'Gallo', 'Alexander', 'Handyman', 85, 1, 88, 14, 42),
(459, 'Belyaev', 'Kaori', 'Bodyguard', 30, 1, 83, 14, 58),
(460, 'Lee', 'Emiko', 'Builder', 74, 2, 84, 14, 99),
(461, 'Pasternak', 'Phoebe', 'Gardener', 7, 8, 86, 14, 61),
(462, 'Fujita', 'Iris', 'Bouncer', 11, 0, 88, 14, 85),
(463, 'Marino', 'Leo', 'Medic', 51, 4, 85, 14, 5),
(464, 'De Luca', 'Ted', 'Medic', 86, 12, 83, 14, 9),
(465, 'De Luca', 'Sofia', 'Builder', 14, 11, 86, 14, 85),
(466, 'Kotara', 'Mia', 'Handyman', 92, 11, 82, 14, 11),
(467, 'Rossi', 'Hanna', 'Elictrician', 57, 5, 85, 14, 73),
(468, 'Monet', 'Keiko', 'Mercenary', 61, 5, 81, 14, 32),
(469, 'Muller', 'Finn', 'Medic', 55, 11, 87, 14, 29),
(470, 'Yun', 'Kaori', 'Weapon dealer', 72, 12, 83, 14, 0),
(471, 'Pasternak', 'Maeva', 'Bodyguard', 6, 10, 80, 14, 25),
(472, 'Dubois', 'Xiu', 'Builder', 36, 5, 83, 14, 35),
(473, 'Tanaka', 'Marlin', 'Hunter', 75, 4, 84, 14, 65),
(474, 'Roth', 'Hana', 'Medic', 73, 2, 87, 14, 36),
(475, 'Ricci', 'Ricardo', 'Bodyguard', 36, 7, 84, 14, 64),
(476, 'Wright', 'Wade', 'Cook', 36, 9, 83, 14, 47),
(477, 'Kotara', 'Alexander', 'Handyman', 79, 2, 81, 14, 15),
(478, 'Meyer', 'Mathis', 'Bouncer', 62, 3, 83, 14, 18),
(479, 'Ricci', 'Seth', 'Hunter', 46, 6, 87, 14, 18),
(480, 'Krenek', 'Edith', 'Medic', 96, 5, 86, 14, 78),
(481, 'Walker', 'Ricardo', 'Mercenary', 73, 11, 83, 14, 99),
(482, 'Wright', 'Chiharu', 'Gardener', 86, 6, 85, 14, 27),
(483, 'Greco', 'Fang', 'Cook', 30, 9, 88, 14, 27),
(484, 'Stein', 'Francesca', 'Mercenary', 19, 7, 80, 14, 72),
(485, 'Murakami', 'Maeva', 'Cook', 6, 10, 85, 14, 43),
(486, 'Schulz', 'Ted', 'Elictrician', 86, 7, 80, 14, 34),
(487, 'Green', 'Leon', 'Mercenary', 86, 5, 81, 14, 97),
(488, 'Brown', 'Mathis', 'Elictrician', 56, 1, 80, 14, 40),
(489, 'Belyaev', 'Victor', 'Handyman', 11, 7, 84, 14, 88),
(490, 'Harris', 'Ramona', 'Bouncer', 31, 10, 81, 14, 74),
(491, 'Toussaint', 'Marc', 'Bodyguard', 52, 2, 80, 14, 81),
(492, 'Brown', 'Francesca', 'Builder', 63, 3, 84, 14, 33),
(493, 'Wolf', 'Finn', 'Cook', 58, 2, 84, 14, 19),
(494, 'Schulz', 'Maeva', 'Builder', 42, 3, 82, 14, 53),
(495, 'Clark', 'Seth', 'Bouncer', 70, 9, 84, 14, 58),
(496, 'Saito', 'Phoebe', 'Medic', 48, 5, 86, 14, 78),
(497, 'Aoki', 'Phoebe', 'Hunter', 88, 6, 85, 14, 9),
(498, 'Garnier', 'Ember', 'Elictrician', 89, 9, 81, 14, 55),
(499, 'Aoki', 'Klaus', 'Elictrician', 64, 4, 80, 14, 91);

insert into cd.task (task_id, task_type, med_prod, prov_prod, appl_id, task_duration, animal_flg) values
(500, 'Gardening', 0, 80, 98, interval '10 hour', 0),
(501, 'Gardening', 0, 81, 98,interval '10 hour', 0),
(502, 'Gardening', 0, 82, 98,interval '10 hour', 0),
(503, 'Gardening', 0, 83, 98, interval '10 hour', 0),
(504, 'Gardening', 0, 84, 98, interval '10 hour', 0),
(505, 'Gardening', 0, 85, 98, interval '10 hour', 0),
(506, 'Gardening', 0, 86, 98, interval '10 hour', 0),
(507, 'Gardening', 0, 87, 98, interval '10 hour', 0),
(508, 'Gardening', 0, 88, 98, interval '10 hour', 0),
(509, 'Gardening', 0, 89, 98, interval '10 hour', 0),
(510, 'Food Preparation', 0, 80, 90, interval '5 hour', 0),
(511, 'Food Preparation', 0, 81, 90,interval '5 hour', 0),
(512, 'Food Preparation', 0, 82, 90,interval '5 hour', 0),
(513, 'Food Preparation', 0, 83, 90, interval '5 hour', 0),
(514, 'Food Preparation', 0, 84, 90, interval '5 hour', 0),
(515, 'Food Preparation', 0, 85, 90, interval '5 hour', 0),
(516, 'Food Preparation', 0, 86, 90, interval '5 hour', 0),
(517, 'Food Preparation', 0, 87, 90, interval '5 hour', 0),
(518, 'Food Preparation', 0, 88, 90, interval '5 hour', 0),
(519, 'Food Preparation', 0, 89, 90, interval '5 hour', 0),
(520, 'Medicine preparation', 1, 80, 96, interval '7 hour', 0),
(521, 'Medicine preparation', 2, 80, 96,interval '7 hour', 0),
(522, 'Medicine preparation', 3, 80, 96,interval '7 hour', 0),
(523, 'Medicine preparation', 4, 80, 96, interval '7 hour', 0),
(524, 'Medicine preparation', 5, 80, 96, interval '7 hour', 0),
(525, 'Medicine preparation', 6, 80, 96, interval '7 hour', 0),
(526, 'Medicine preparation', 7, 80, 96, interval '7 hour', 0),
(527, 'Medicine preparation', 8, 80, 96, interval '7 hour', 0),
(528, 'Medicine preparation', 9, 80, 96, interval '7 hour', 0),
(529, 'Medicine preparation', 10, 80, 96, interval '7 hour', 0),
(530, 'Medicine preparation', 11, 80, 96, interval '7 hour', 0),
(531, 'Medicine preparation', 12, 80, 96, interval '7 hour', 0),
(532, 'Medicine preparation', 13, 80, 96, interval '7 hour', 0),
(533, 'Hunting', 0, 80, 94, interval '3 hour', 1),
(534, 'Fixing machinery', 0, 80, 91, interval '6 hour', 0),
(535, 'Fixing machinery', 0, 80, 92, interval '6 hour', 0),
(536, 'Fixing machinery', 0, 80, 97, interval '6 hour', 0),
(537, 'Defence of Vault', 0, 80, 95, interval '6 hour', 1),
(538, 'Healing', 0, 80, 93, interval '12 hour', 0),
(539, 'Electricity maintainance', 0, 80, 99, interval '2 hour', 0);

insert into cd.actual_tasks (executor, task_id) values
(425, 500),
(400, 520),
(356, 506),
(470, 501),
(486, 536),
(450, 538),
(451, 537),
(452, 534),
(479, 530),
(478, 532);

insert into cd.task_history (executor, task_id, task_started, task_ended) values 
(405, 502, timestamp '1999-01-08 04:05:06', timestamp '1999-01-08 05:05:06'),
(406, 503, timestamp '1999-01-09 04:05:06', timestamp '1999-01-09 05:05:06'),
(405, 504, timestamp '1999-01-10 04:05:06', timestamp '1999-01-10 05:05:06'),
(408, 505, timestamp '1999-01-11 04:05:06', timestamp '1999-01-11 05:05:06'),
(409, 507, timestamp '1999-01-12 04:05:06', timestamp '1999-01-12 05:05:06'),
(410, 508, timestamp '1999-01-13 04:05:06', timestamp '1999-01-13 05:05:06'),
(411, 509, timestamp '1999-01-14 04:05:06', timestamp '1999-01-14 05:05:06'),
(412, 510, timestamp '1999-01-15 04:05:06', timestamp '1999-01-15 05:05:06'),
(413, 525, timestamp '1999-01-16 04:05:06', timestamp '1999-01-16 05:05:06'),
(414, 526, timestamp '1999-01-17 04:05:06', timestamp '1999-01-17 05:05:06'),
(415, 527, timestamp '1999-01-18 04:05:06', timestamp '1999-01-18 05:05:06');

insert into cd.sleep_schedule (person_id, room_id, sleep_started, sleep_ended) values
(445, 100, timestamp '1999-01-08 04:05:06', timestamp '1999-01-08 05:05:06'),
(446, 101, timestamp '1999-01-09 04:05:06', timestamp '1999-01-09 05:05:06'),
(445, 102, timestamp '1999-01-10 04:05:06', timestamp '1999-01-10 05:05:06'),
(448, 103, timestamp '1999-01-11 04:05:06', timestamp '1999-01-11 05:05:06'),
(449, 104, timestamp '1999-01-12 04:05:06', timestamp '1999-01-12 05:05:06'),
(450, 105, timestamp '1999-01-13 04:05:06', timestamp '1999-01-13 05:05:06'),
(451, 106, timestamp '1999-01-14 04:05:06', timestamp '1999-01-14 05:05:06'),
(452, 107, timestamp '1999-01-15 04:05:06', timestamp '1999-01-15 05:05:06'),
(453, 108, timestamp '1999-01-16 04:05:06', timestamp '1999-01-16 05:05:06'),
(454, 109, timestamp '1999-01-17 04:05:06', timestamp '1999-01-17 05:05:06'),
(455, 110, timestamp '1999-01-18 04:05:06', timestamp '1999-01-18 05:05:06');
